torsion_angle,height,rad_outer,rad_inner,void_ratio,strain_shear,stress_shear,stress_z,stress_outer,stress_inner,strain_dev,vel_rot,moment_inertial,time_duration
0.0,0.09871186773274516,0.0497781949591,0.0301350535246,0.735598095319,0.0,-10.1079401197,10000.1106257,9971.29943997,10029.3633773,0.0,0.0,1200000.0,5.39472588843201e-07
6.70727053792e-09,0.09871186757647335,0.0497781903961,0.0301350488948,0.735597899766,1.37802041816e-09,-9.84668716889,9998.8704177,9972.6332263,10027.9795116,1.15477821404e-07,3.05750845567e-05,1200000.0,0.00010810920844895262
2.2184658349e-08,0.09871079726792581,0.0497779752558,0.0301352640351,0.735541253184,4.56316890853e-09,-24.7293956097,12141.2971532,11985.4593532,13068.597271,1.87727865089e-05,7.67856014113e-05,1200000.0,0.00021567933125933632
3.25067434161e-08,0.09870972156545914,0.0497777601153,0.0301354791756,0.73548432283,6.70391701479e-09,-11.32488182,12666.72847,13965.256189,15784.5193484,3.77430238562e-05,3.51633278401e-05,1200000.0,0.0003232495779299255
4.29484678222e-08,0.09870864586152794,0.0497775449746,0.0301356943163,0.735427393226,8.85678123439e-09,-15.3690416063,13521.1577345,15887.0954909,18550.3951699,5.67133138117e-05,4.77192079957e-05,1200000.0,0.0004308199710501671
5.42776419791e-08,0.0987075701543324,0.0497773298331,0.0301357837219,0.735378758343,1.11915826846e-08,-21.5914698346,16088.8988698,17361.14558,20241.433944,6.88793221055e-05,6.70376868831e-05,1200000.0,0.0005383906906119242
6.94760792964e-08,0.09870649542360839,0.049777114691,0.0301356624081,0.735344222552,1.43281874041e-08,-23.473908757,16982.935754,17976.0510946,21095.7573121,6.98925946522e-05,7.28812195241e-05,1200000.0,0.0006459617655123431
8.69683660884e-08,0.09870546225745398,0.0497768995484,0.0301354635948,0.735315612302,1.79347628164e-08,-30.8438190694,17211.4243443,18373.9030028,21421.4356347,6.7531391174e-05,9.57619191857e-05,1200000.0,0.0007535330631477412
1.1030631308e-07,0.0987045899624777,0.0497766848947,0.0301352484517,0.735290984014,2.27485526981e-08,-37.6369069169,17993.925855,18683.4583632,21553.7695946,6.48292645218e-05,0.000116851244786,1200000.0,0.0008611046104389908
1.34310059854e-07,0.09870408820747345,0.0497764882096,0.0301350333081,0.735274836964,2.77076707806e-08,-33.0092815632,19091.398733,18838.787939,21503.8690798,6.10595308561e-05,0.000102482667358,1200000.0,0.0009686764084291407
1.55626842435e-07,0.09870383762518153,0.0497763085546,0.030134819249,0.735264919284,3.21098506061e-08,-31.5840225512,19377.7126232,18892.3202039,21330.4939238,5.62700564729e-05,9.80567770361e-05,1200000.0,0.0010762483914028586
1.7846522244e-07,0.09870362522049604,0.0497761363444,0.0301346212122,0.735255427727,3.6820932101e-08,-37.8554300697,19442.0829536,18961.9813394,21197.6308575,5.20047120802e-05,0.000117526139523,1200000.0,0.001183820491411644
2.06572835298e-07,0.0987034639600362,0.0497759769553,0.0301344420934,0.735246983951,4.26195238573e-08,-44.5575483349,19669.9713102,19038.1310797,21089.5746474,4.8164473604e-05,0.000138332438431,1200000.0,0.0012913926784506502
2.34724189379e-07,0.09870339058293555,0.0497758289301,0.030134278877,0.735240276554,4.84354936895e-08,-39.2366577655,19889.3690484,19105.6421291,20992.6647677,4.43656096134e-05,0.000121812346269,1200000.0,0.0013989649376812507
2.59095823593e-07,0.09870336505355493,0.0497756913089,0.0301341296368,0.735234623725,5.34708082178e-08,-34.3408350535,19946.6024992,19169.3783667,20911.7263231,4.07092049744e-05,0.000106612207567,1200000.0,0.001506537263223188
2.8164306981e-07,0.09870334996051214,0.0497755636283,0.0301339921957,0.735229461955,5.8125430855e-08,-35.3149868739,19973.8582044,19229.9852727,20842.5438703,3.73253499491e-05,0.000109635738783,1200000.0,0.0016141096545530592
3.06645999468e-07,0.09870335016611481,0.0497754452657,0.0301338652593,0.735224894798,6.32847891479e-08,-39.4607179706,20029.4369327,19285.4765096,20777.7105866,3.41375820919e-05,0.000122505456583,1200000.0,0.001721682081914026
3.32615166941e-07,0.09870336864625126,0.0497753352364,0.030133748017,0.735220920474,6.86470093945e-08,-38.7915954181,20067.9282798,19335.4621616,20718.5794293,3.10965592101e-05,0.000120427461881,1200000.0,0.0018292545381061389
3.57239054897e-07,0.09870339403309991,0.0497752329082,0.0301336395048,0.735217333356,7.37346779783e-08,-33.540344609,20073.3279565,19382.1333106,20665.8473361,2.8243402732e-05,0.000104124506819,1200000.0,0.0019368270427348652
3.79432418076e-07,0.09870342067625658,0.0497751377921,0.0301335388662,0.735214037463,7.83172296331e-08,-32.9589625543,20079.2021844,19425.6038292,20618.0760901,2.55906374207e-05,0.000102319115404,1200000.0,0.002044399588257178
4.02168727649e-07,0.0987034499087378,0.0497750493418,0.0301334454753,0.73521103801,8.30106131504e-08,-34.2656357426,20086.8973743,19465.6317278,20573.8343667,2.31119033818e-05,0.000106375119071,1200000.0,0.00215197214740132
4.24539534048e-07,0.09870348110995755,0.0497749669599,0.0301333587035,0.73520830009,8.76309905447e-08,-31.9946216439,20088.33953,19502.2606753,20532.9939192,2.07945206019e-05,9.932448046e-05,1200000.0,0.002259544728559828
4.45853543916e-07,0.09870351148643353,0.0497748902408,0.0301332780142,0.735205765638,9.2031267834e-08,-32.549949708,20083.6965539,19536.1017214,20495.9909643,1.86452368903e-05,0.00010104803682,1200000.0,0.0023671173362344385
4.67711458474e-07,0.09870354079126063,0.0497748187258,0.0301332029187,0.735203412542,9.65436283348e-08,-33.3298125241,20082.3952851,19567.9387867,20462.2229094,1.66549316712e-05,0.000103468658934,1200000.0,0.002474689953802053
4.89739167316e-07,0.09870356928800154,0.0497747521209,0.0301331329826,0.735201241795,1.01092774923e-07,-31.6269996128,20078.8287246,19597.5602111,20430.3755998,1.4813150815e-05,9.81821273146e-05,1200000.0,0.0025822625798705492
5.10035202953e-07,0.09870359619724726,0.049774690041,0.0301330678282,0.735199222744,1.05284993854e-07,-29.0654899169,20074.0903642,19624.2556885,20401.3895589,1.3119894749e-05,9.0229931701e-05,1200000.0,0.0026898352229794407
5.29619646614e-07,0.09870362154897216,0.0497746321086,0.0301330070837,0.735197339014,1.09328233865e-07,-29.5244926471,20070.2042347,19649.2032721,20374.1958204,1.15703559261e-05,9.16545667523e-05,1200000.0,0.0027974078799765122
5.49794557743e-07,0.09870364558532548,0.0497745780423,0.0301329504434,0.735195584205,1.13493218831e-07,-30.1498406507,20065.3478422,19672.7243837,20349.0184026,1.01613305607e-05,9.35956109891e-05,1200000.0,0.0029049805420742502
5.70172171658e-07,0.09870366775059257,0.0497745275872,0.0301328975827,0.735193942173,1.17700181444e-07,-30.6184462413,20060.2482794,19694.5223655,20325.7854133,8.89960668084e-06,9.50500754322e-05,1200000.0,0.0030125532069766627
5.89955712384e-07,0.09870368844571004,0.0497744804892,0.0301328482096,0.735192411469,1.21786223735e-07,-28.60040138,20057.5800201,19714.5310931,20303.9722159,7.78787815749e-06,8.87851540936e-05,1200000.0,0.0031201258818461856
6.08751767988e-07,0.09870370824641558,0.0497744364595,0.0301328020987,0.735190985406,1.25668194088e-07,-26.8390265017,20053.8718949,19733.3301249,20284.2780907,6.83006423251e-06,8.33170735729e-05,1200000.0,0.003227698563280411
6.26396297809e-07,0.09870372641409406,0.0497743953213,0.030132758988,0.735189649014,1.29311695452e-07,-26.1213813986,20049.1927782,19750.6485178,20265.9302149,6.04939086401e-06,8.10890977445e-05,1200000.0,0.0033352712461532145
6.44653230632e-07,0.0987037431448354,0.0497743568628,0.0301327187185,0.735188393024,1.33079744772e-07,-28.1222850061,20045.922698,19766.9324724,20248.1520999,5.46032372536e-06,8.73003622647e-05,1200000.0,0.003442843933398936
6.63245664942e-07,0.09870375889910721,0.0497743209117,0.0301326810806,0.735187220534,1.36919401763e-07,-26.7454894024,20042.9314056,19782.0532142,20232.0644626,5.0721164495e-06,8.30261976738e-05,1200000.0,0.003550416632509761
6.80810197299e-07,0.09870377359177404,0.0497742872771,0.0301326458634,0.735186123034,1.40546515751e-07,-25.8457437741,20039.7950801,19796.0749201,20217.7308119,4.88749685353e-06,8.02329727364e-05,1200000.0,0.0036579893376306313
6.97788557923e-07,0.09870378713353412,0.0497742557865,0.030132612897,0.735185091405,1.44053060916e-07,-24.3073997968,20036.919029,19808.9132292,20202.9073833,4.89035730575e-06,7.54573691985e-05,1200000.0,0.003765562042188841
7.13903379518e-07,0.09870379981267767,0.049774226308,0.0301325820443,0.735184125194,1.47379902846e-07,-24.765575429,20034.2390371,19821.2419412,20190.1250338,5.045145062e-06,7.68795657212e-05,1200000.0,0.0038731347484329067
7.30359155204e-07,0.09870381138101492,0.0497741987114,0.0301325531587,0.735183215541,1.50777796974e-07,-24.2664940811,20031.4841316,19832.7078143,20177.8704843,5.31418814205e-06,7.53301574787e-05,1200000.0,0.003980707461295072
7.46340112794e-07,0.0987038220073584,0.0497741728525,0.030132526128,0.735182357059,1.54077893242e-07,-23.4461166169,20028.9259595,19843.045094,20166.5127335,5.65690569449e-06,7.27833730499e-05,1200000.0,0.004088280181953526
7.61934723345e-07,0.09870383187022612,0.0497741486148,0.0301325008092,0.735181549523,1.57298021981e-07,-22.9269932292,20026.9145536,19852.8134633,20156.0231395,6.04399139068e-06,7.11717781263e-05,1200000.0,0.004195852903283618
7.76930377551e-07,0.09870384100216363,0.049774125883,0.030132477093,0.735180788086,1.60395031729e-07,-21.6009377973,20024.4234083,19862.0804935,20146.4304129,6.45347771685e-06,6.70552515545e-05,1200000.0,0.00430342562843629
7.90889041999e-07,0.09870384930277125,0.0497741045603,0.0301324548493,0.735180069052,1.63277975986e-07,-20.2364329145,20022.3615361,19870.5713193,20137.3607396,6.87245008547e-06,6.28193811182e-05,1200000.0,0.004410998358715196
8.11389225473e-07,0.09870277900709772,0.0497738894143,0.0301326699954,0.735123427673,1.67501941444e-07,-32.6572204337,22189.1575202,21965.5895748,23211.4396971,1.22310869628e-05,0.000101374349387,1200000.0,0.0045185713644869925
8.27266932404e-07,0.09870170327563225,0.049773674268,0.0301328851416,0.735066505067,1.70789071657e-07,-19.900499337,22724.9371972,23959.1769931,26078.6273023,3.11517401007e-05,6.17735603625e-05,1200000.0,0.004626144511024596
8.42511864374e-07,0.09870062754221876,0.0497734591213,0.030133098123,0.735009716811,1.73936408942e-07,-20.0954090221,23614.5520542,25942.5774485,28813.5957365,5.00012021914e-05,6.23771737066e-05,1200000.0,0.004733717852369944
8.55733612201e-07,0.09869955180524273,0.0497732439739,0.0301331466295,0.734963811654,1.76664011796e-07,-23.4232401722,26257.3708636,27262.9138392,30488.0293743,6.00354679249e-05,7.27053989082e-05,1200000.0,0.004841291549966493
8.72366439145e-07,0.098698485585431,0.0497730288259,0.0301330037911,0.7349308734,1.8009676646e-07,-25.4155870493,27021.8420616,27859.9654699,31181.247779,6.02453900699e-05,7.88884705923e-05,1200000.0,0.0049488655598707056
8.92095165228e-07,0.09869747439324876,0.0497728136774,0.0301327984801,0.734903089662,1.84163538721e-07,-34.8951582106,27259.7363448,28229.4280263,31479.6997559,5.81117411969e-05,0.000108311152041,1200000.0,0.005056439796473138
9.16797340849e-07,0.09869663717111574,0.0497725985285,0.0301325833312,0.734879030473,1.89264589896e-07,-33.6054613128,28119.6228837,28561.1562514,31595.0273841,5.5966442244e-05,0.000104306792244,1200000.0,0.00516401426327676
9.36658083018e-07,0.09869618595043614,0.0497723890211,0.0301323681817,0.734862368263,1.93369491228e-07,-27.2617871327,29203.8077137,28742.4464278,31634.2725177,5.2637186376e-05,8.46158270117e-05,1200000.0,0.005271588969875459
9.55338105063e-07,0.09869596292222664,0.0497721997785,0.030132153032,0.734851947508,1.9722486713e-07,-29.3759201832,29421.2019131,28845.0316908,31467.6843948,4.81475886736e-05,9.1176796506e-05,1200000.0,0.005379163847019629
9.77965678409e-07,0.09869576741112834,0.0497720204978,0.0301319418369,0.734842852613,2.01890271096e-07,-38.6804648986,29490.0410664,28888.7166151,31308.6577843,4.37814621409e-05,0.000120055097024,1200000.0,0.005486738831543461
1.00564847006e-06,0.0986956276331027,0.0497718504775,0.0301317504041,0.734834439589,2.07603975174e-07,-41.3131219209,29732.4196396,28964.2509311,31176.8208893,3.98673803395e-05,0.000128225127463,1200000.0,0.005594293846307723
1.03123666294e-06,0.09869557353751585,0.0497716921486,0.030131576906,0.734827623254,2.12891703057e-07,-34.6106953613,29930.2204242,29035.7730793,31072.6591611,3.59936790866e-05,0.000107421627226,1200000.0,0.005701869005993675
1.05218742943e-06,0.09869555856993399,0.0497715451294,0.0301314182489,0.73482174983,2.17220918895e-07,-29.4565019178,29970.3604666,29105.5924726,30985.2471866,3.23063702207e-05,9.14237636623e-05,1200000.0,0.005809444259373039
1.07268408652e-06,0.09869555237495486,0.0497714089231,0.0301312721291,0.734816384964,2.21450174991e-07,-33.2877490857,30001.0452135,29172.0887763,30908.8360916,2.89444675686e-05,0.0001033140046,1200000.0,0.005917019597131806
1.09727568279e-06,0.09869556253737549,0.0497712827349,0.0301311373045,0.734811657811,2.26523745052e-07,-38.7176598891,30057.5489779,29231.4218154,30838.9513838,2.58109265349e-05,0.000120165829366,1200000.0,0.006024594990155142
1.12293852751e-06,0.09869558927477075,0.0497711655271,0.0301310128089,0.734807522296,2.3182416469e-07,-35.9130933265,30087.6660066,29285.9179834,30775.0322666,2.28676839222e-05,0.00011146074979,1200000.0,0.006132170436514419
1.14470502137e-06,0.09869562059125772,0.0497710566097,0.0301308975846,0.734803761875,2.36322780973e-07,-29.3077130816,30089.4410173,29336.5158719,30717.9605377,2.01906544884e-05,9.09595842662e-05,1200000.0,0.006239745949748066
1.1640887686e-06,0.09869565280976089,0.0497709553939,0.0301307907616,0.734800305214,2.40324789998e-07,-29.4699963406,30095.1768247,29383.5461488,30666.1978544,1.78054042666e-05,9.14627557366e-05,1200000.0,0.006347321519328677
1.18472413533e-06,0.09869568725709067,0.0497708613071,0.0301306916267,0.734797160099,2.44583064256e-07,-32.7542217988,30100.6819847,29427.1068495,30618.6590291,1.57029874228e-05,0.000101655138853,1200000.0,0.006454897125039228
1.20623499852e-06,0.09869572249613763,0.0497707737939,0.0301305995912,0.734794279473,2.49025072089e-07,-31.6099607654,30099.0378322,29466.9077186,30574.1497095,1.39078328861e-05,9.81033732186e-05,1200000.0,0.006562472775244373
1.22672441953e-06,0.09869575650487707,0.0497706923593,0.0301305140565,0.734791613069,2.53256719639e-07,-29.7710825221,30095.1614748,29503.7554101,30534.0894776,1.24591319301e-05,9.23959004375e-05,1200000.0,0.0066700484725831675
1.24591701478e-06,0.09869578928333747,0.0497706165408,0.0301304345021,0.734789144726,2.57221064795e-07,-27.27482563,30092.0739258,29537.7973139,30497.4056791,1.13779648404e-05,8.46483192465e-05,1200000.0,0.006777624204786968
1.26347507022e-06,0.09869582071552968,0.0497705459251,0.0301303604786,0.734786856871,2.60847328622e-07,-25.6599423175,30086.8718374,29569.6202907,30462.5785684,1.06769456775e-05,7.96361779794e-05,1200000.0,0.006885199965815202
1.27955469418e-06,0.09869585002488543,0.0497704801127,0.0301302915456,0.73478472125,2.6416854741e-07,-23.7651496155,30080.3550185,29598.266279,30430.9870285,1.03527510553e-05,7.37553907606e-05,1200000.0,0.006992775755642981
1.29631441211e-06,0.09869587768578543,0.0497704186611,0.0301302272191,0.734782729617,2.67626230547e-07,-27.6048358795,30077.547637,29625.1203798,30402.8177082,1.03619553342e-05,8.5671624658e-05,1200000.0,0.00710035157045602
1.31491578833e-06,0.09869590447927613,0.0497703613381,0.0301301672246,0.734780888596,2.71467206243e-07,-26.9593234799,30074.312662,29650.4394769,30375.3508544,1.06387328644e-05,8.36680282935e-05,1200000.0,0.007207927405121191
1.33129619808e-06,0.098695929106731,0.0497703079137,0.0301301112941,0.734779167767,2.74852081258e-07,-22.8274195942,30066.7332573,29674.1853528,30349.743344,1.11230796011e-05,7.08444985324e-05,1200000.0,0.007315503264561858
1.34614312745e-06,0.09869595163978377,0.0497702581125,0.0301300591462,0.734777556931,2.77918641156e-07,-21.1131107541,30062.4383324,29695.9939563,30326.4294751,1.17472797739e-05,6.55239973254e-05,1200000.0,0.0074230791535541095
1.35911878089e-06,0.0986959731008545,0.049770211637,0.0301300104806,0.734776061273,2.80598961794e-07,-19.3124749697,30059.847852,29716.29521,30304.5688075,1.24534918545e-05,5.99356268143e-05,1200000.0,0.007530655064202479
1.37281741404e-06,0.09869599343053581,0.0497701682613,0.0301299651085,0.734774667481,2.83425457669e-07,-21.9061448297,30056.1838548,29735.1276905,30284.0135262,1.32012851489e-05,6.79848410522e-05,1200000.0,0.007638230992848862
1.38793072099e-06,0.09869601239600985,0.0497701277699,0.0301299227571,0.734773365883,2.86545449699e-07,-22.4555713235,30052.3860623,29752.6748556,30265.2003988,1.39671026243e-05,6.96898097994e-05,1200000.0,0.00774580694803165
1.40188838803e-06,0.09869603003118439,0.0497700899522,0.0301298832147,0.734772148064,2.8942987143e-07,-18.6415365922,30048.7630958,29769.0651844,30247.5989576,1.47317813529e-05,5.78530168482e-05,1200000.0,0.00785338292998199
1.41356051323e-06,0.09869604639863779,0.0497700546159,0.0301298462768,0.734771007546,2.91841422829e-07,-16.2637182136,30045.2022732,29784.101545,30231.1686187,1.54829674827e-05,5.04734926741e-05,1200000.0,0.007960958929084652
1.42422260474e-06,0.09869606168573176,0.0497700215786,0.0301298117498,0.734769940433,2.94042818787e-07,-16.2325376071,30042.2337911,29798.1683395,30216.0359097,1.62126912373e-05,5.03766384104e-05,1200000.0,0.008068534945457364
1.43567829438e-06,0.09869607589889785,0.0497699906975,0.0301297795013,0.734768939964,2.96406848745e-07,-17.9199005808,30038.8157029,29811.4208902,30201.6456929,1.69146387538e-05,5.56131687388e-05,1200000.0,0.008176110985359327
1.44781738329e-06,0.09869608890033646,0.0497699618434,0.0301297493671,0.734768000408,2.98913212667e-07,-17.8592656643,30035.5873128,29823.8080323,30188.6549241,1.75870018614e-05,5.54249084593e-05,1200000.0,0.008283687047135854
1.45924731154e-06,0.09869610094432504,0.0497699348702,0.0301297212032,0.734767119794,3.01274377824e-07,-16.0132869527,30033.6164497,29835.0518106,30176.4249426,1.82277047498e-05,4.96959806036e-05,1200000.0,0.00839126312628786
1.46919744854e-06,0.09869611223578934,0.0497699096244,0.0301296948758,0.734766293716,3.03330234666e-07,-13.8619988576,30030.9131501,29845.8200451,30164.6755523,1.88353579523e-05,4.30195693298e-05,1200000.0,0.00849883922255348
1.47798484937e-06,0.09869612264422593,0.0497698859842,0.0301296702443,0.734765515857,3.05145427284e-07,-12.5832083047,30028.3193785,29855.4444748,30153.9541022,1.94109198701e-05,3.90508981575e-05,1200000.0,0.008606415339402769
1.48728343984e-06,0.0986961320736646,0.0497698638465,0.0301296472198,0.73476477907,3.07064124374e-07,-14.2495853663,30025.8554336,29864.7240792,30144.0623172,1.9953710082e-05,4.42223037632e-05,1200000.0,0.00871399147671142
1.49667324473e-06,0.09869614079302927,0.0497698431262,0.0301296256575,0.734764088397,3.0900340742e-07,-13.3921759677,30023.9991852,29873.2686485,30134.9473592,2.04672586359e-05,4.15613663631e-05,1200000.0,0.008821567631104392
1.51146478379e-06,0.09869507046589583,0.0497696279734,0.0301298408103,0.734707454719,3.12051574445e-07,-21.6802777022,32216.3902855,31995.298931,33253.5276216,2.13833353768e-06,6.72810555955e-05,1200000.0,0.008929144042702522
1.52043948678e-06,0.09869399470024776,0.0497694128202,0.0301300559635,0.734650539703,3.13913269746e-07,-9.27240333232,32758.4109449,34023.021076,36172.1679602,1.74946951248e-05,2.87746658673e-05,1200000.0,0.00903672060751462
1.52956111053e-06,0.09869291893312858,0.0497691976668,0.0301302668236,0.734593895752,3.15792740331e-07,-14.6597908513,33680.1224477,36038.3081159,38902.01254,3.62075198548e-05,4.54921030318e-05,1200000.0,0.009144297319428495
1.54036666001e-06,0.0986918431621651,0.0497689825126,0.0301303001004,0.734549011837,3.18021250475e-07,-18.2677227321,36386.4646804,37299.0845748,40580.0581989,4.52761819115e-05,5.66870261223e-05,1200000.0,0.00925187441577325
1.55371064472e-06,0.09869078906679962,0.0497687673578,0.0301301500754,0.734516773074,3.2077479586e-07,-20.4960341815,37061.8180492,37892.9747309,41216.9514729,4.50269872287e-05,6.36008524534e-05,1200000.0,0.009359451819867592
1.5695073811e-06,0.09868979819788663,0.0497685522025,0.0301299426998,0.734489488959,3.24031604758e-07,-27.193633926,37311.2532931,38252.809848,41503.3026653,4.30016047743e-05,8.43830015538e-05,1200000.0,0.0094670294735153
1.58810626175e-06,0.09868899243642448,0.0497683370467,0.0301297275439,0.734465986155,3.27871775566e-07,-27.0311034112,38226.1683324,38579.5423144,41611.7344921,4.12613770997e-05,8.38776413853e-05,1200000.0,0.009574607375530493
1.60499423416e-06,0.09868858007674793,0.0497681295047,0.0301295123876,0.734450224741,3.31359860577e-07,-25.204167426,39278.0497653,38750.0812176,41623.8340092,3.81666529295e-05,7.82076812492e-05,1200000.0,0.009682185524949653
1.62153116157e-06,0.09868837109107428,0.0497679418713,0.030129297231,0.734440230886,3.34773454001e-07,-26.3137529107,39438.0367828,38840.8783742,41447.190182,3.41012791672e-05,8.16498699181e-05,1200000.0,0.009789763854303978
1.64091678466e-06,0.09868818354220364,0.0497677632045,0.0301290884586,0.734431184437,3.38771266754e-07,-33.0782538249,39517.352216,38888.2599981,41294.5373841,3.05084533263e-05,0.000102638748714,1200000.0,0.009897342300570449
1.66398028997e-06,0.09868805641571772,0.0497675947908,0.0301289001359,0.734422963998,3.43532053677e-07,-34.5216471249,39769.3638708,38967.3733004,41166.5607516,2.73853448631e-05,0.000107116525357,1200000.0,0.010004920846216665
1.6856207046e-06,0.09868801276004929,0.0497674381201,0.0301287291791,0.734416345254,3.48004219428e-07,-28.5483766869,39949.1590461,39039.3108825,41063.5509037,2.42864673404e-05,8.85814301434e-05,1200000.0,0.010112499488661934
1.70278051819e-06,0.09868800199680672,0.0497672927048,0.0301285727417,0.73441057505,3.51551034714e-07,-23.067565429,39979.0501455,39109.9235681,40977.6962348,2.15097367483e-05,7.15747073122e-05,1200000.0,0.010220078224244592
1.71961474877e-06,0.09868799941959568,0.0497671581534,0.0301284286789,0.73440531966,3.55022452409e-07,-29.1751342904,40013.1422327,39176.0811162,40901.6228866,1.92630593434e-05,9.05247952811e-05,1200000.0,0.010327657045481027
1.74189129683e-06,0.09868801366066608,0.0497670334987,0.0301282957635,0.734400706451,3.59617347648e-07,-35.563546838,40067.5106941,39235.6934726,40831.7110088,1.74622077737e-05,0.000110346080953,1200000.0,0.010435235922585176
1.76389545495e-06,0.09868804266079326,0.0497669177346,0.0301281730715,0.734396649987,3.64164913795e-07,-29.0733186195,40092.4538712,39290.2466125,40768.6045006,1.61200290416e-05,9.02077251061e-05,1200000.0,0.010542814850792791
1.7804717635e-06,0.09868807492198728,0.0497668102447,0.0301280595769,0.734392948556,3.67592233996e-07,-22.0286503845,40092.5248729,39340.8915399,40711.791069,1.53479650082e-05,6.8349358342e-05,1200000.0,0.010650393845609554
1.79561556194e-06,0.09868810781109728,0.0497667104091,0.0301279543683,0.734389548506,3.70716769073e-07,-25.2429429938,40097.5191414,39388.0113233,40659.7195706,1.51320352165e-05,7.83220853872e-05,1200000.0,0.01075797289477741
1.81416712107e-06,0.0986881428986778,0.0497666176428,0.0301278568439,0.734386453133,3.74544968116e-07,-28.1625316203,40103.2279413,39431.2261999,40612.4443412,1.53695314515e-05,8.73803593409e-05,1200000.0,0.010865551978104767
1.83215248562e-06,0.09868817839803999,0.0497665314048,0.0301277663221,0.734383616935,3.78260240678e-07,-25.4124404961,40099.4452664,39470.9736881,40568.4831802,1.59699022043e-05,7.88472337823e-05,1200000.0,0.010973131106198634
1.84754823795e-06,0.09868821221260625,0.0497664511933,0.0301276822476,0.734380984814,3.81441793209e-07,-21.2964244736,40094.7488104,39507.8774873,40528.4598973,1.68352200146e-05,6.60761748511e-05,1200000.0,0.011080710282184715
1.86142336162e-06,0.09868824456785662,0.0497663765337,0.0301276040488,0.734378546626,3.84306878544e-07,-20.8459360074,40090.9905355,39541.9240758,40491.5303013,1.7870328979e-05,6.46781976902e-05,1200000.0,0.011188289491302043
1.87525211633e-06,0.0986882755855091,0.0497663070238,0.0301275313199,0.73437628727,3.87162631805e-07,-19.963950265,40086.5323479,39573.2041417,40457.550334,1.89996333007e-05,6.19414548377e-05,1200000.0,0.011295868724223026
1.88727488752e-06,0.09868830482759997,0.0497662422631,0.0301274636056,0.734374185262,3.89647045512e-07,-16.9509007598,40080.980914,39602.3435966,40425.7665147,2.01743598577e-05,5.25927878185e-05,1200000.0,0.011403447987983584
1.90010102474e-06,0.09868833204974958,0.0497661819141,0.0301274005492,0.734372222993,3.92293659387e-07,-19.159667105,40075.5874916,39629.2410653,40396.5480633,2.13584718577e-05,5.94456380166e-05,1200000.0,0.01151102728137239
1.91152550336e-06,0.09868835769060261,0.0497661256314,0.0301273418343,0.73437039119,3.94655748234e-07,-14.3310096754,40070.9524377,39654.3022802,40369.6202913,2.25243880501e-05,4.44638996877e-05,1200000.0,0.011618606597855054
1.92068277149e-06,0.09868838153447726,0.0497660731519,0.0301272870891,0.734368681877,3.96546890008e-07,-13.692879221,40065.6376007,39677.6271546,40344.842333,2.36615928938e-05,4.24838948355e-05,1200000.0,0.011726185938107215
1.92926155379e-06,0.09868840354097867,0.0497660242099,0.0301272360208,0.734367084668,3.9831974868e-07,-11.317339582,40061.0986707,39699.1486269,40321.4191697,2.47606496088e-05,3.51133904192e-05,1200000.0,0.011833765305502316
1.93608456512e-06,0.0986884240608099,0.04976597853,0.0301271884127,0.734365589787,3.99730052442e-07,-9.06064205305,40056.4965689,39719.2741516,40299.7345497,2.58116629365e-05,2.81116517597e-05,1200000.0,0.011941344693875082
1.94238615008e-06,0.09868844301129125,0.0497659358791,0.0301271439629,0.734364190278,4.01030342349e-07,-10.1716802247,40052.1486827,39737.6944335,40279.7773667,2.68147881288e-05,3.15587014217e-05,1200000.0,0.012048924098863828
1.94877925901e-06,0.09868846051644974,0.0497658960184,0.0301271024623,0.73436287597,4.02351558247e-07,-8.32803244875,40048.5860361,39754.8131352,40261.4726198,2.77669337986e-05,2.58385359344e-05,1200000.0,0.012156503527917242
1.95306957644e-06,0.09868847673668862,0.0497658587784,0.0301270636925,0.734361645528,4.03239698324e-07,-4.99096632016,40044.1422541,39770.9634956,40244.5265429,2.86695160341e-05,1.54849308154e-05,1200000.0,0.012264082983162377
1.95586354024e-06,0.09868849137515283,0.0497658239737,0.030127027442,0.734360487489,4.03817825393e-07,-3.13322948297,40039.6278894,39786.016294,40228.2069793,2.95241553641e-05,9.72111445602e-06,1200000.0,0.012371662457784862
1.95705836639e-06,0.0986885046880182,0.0497657914236,0.0301269935994,0.734359393911,4.04066170007e-07,-0.766993520519,40036.5991378,39799.54547,40212.9594691,3.03281885482e-05,2.37965947035e-06,1200000.0,0.012479241948799541
1.95735893145e-06,0.09868851713764915,0.049765760931,0.0301269619669,0.734358364309,4.04129174135e-07,0.631832747146,40034.6004692,39812.2853459,40199.3353038,3.10841290732e-05,-1.96030903257e-06,1200000.0,0.012586821459726475
1.95604390892e-06,0.09868852850911836,0.0497657323788,0.0301269323417,0.734357395589,4.03859229172e-07,2.87201069045,40030.1024812,39824.1075153,40186.8270214,3.17973637182e-05,-8.91061756657e-06,1200000.0,0.012694400992414506
1.95410471506e-06,0.0986885384843892,0.0497657056118,0.0301269045816,0.734356474549,4.0345934976e-07,3.62425106555,40027.3753822,39835.0412189,40175.054832,3.24689678382e-05,-1.1244481246e-05,1200000.0,0.012801980543163055
1.95030887303e-06,0.09868854759393794,0.0497656804943,0.0301268785789,0.734355602768,4.02678839369e-07,8.25279722052,40025.0223943,39845.0922153,40163.9671927,3.30999100226e-05,-2.56048210806e-05,1200000.0,0.012909560110781315
1.94415012609e-06,0.09868855599832102,0.0497656569188,0.0301268542478,0.734354776924,4.01407446728e-07,8.72334526377,40023.7842614,39854.4687473,40153.5473174,3.36908411285e-05,-2.70646920373e-05,1200000.0,0.013017139697401736
1.93664506764e-06,0.09868856349866843,0.0497656347623,0.0301268314071,0.734353992052,3.99860599672e-07,12.4075373345,40020.0370665,39863.2955426,40144.2482249,3.42467093203e-05,-3.84950699534e-05,1200000.0,0.013124719301991961
1.92853820478e-06,0.09868857006625861,0.0497656139091,0.0301268099347,0.734353243064,3.98186983832e-07,12.6625347549,40017.7024295,39871.3989522,40135.7491997,3.47698848456e-05,-3.92861706325e-05,1200000.0,0.013232298923869186
1.92007381749e-06,0.09868857591375688,0.0497655942891,0.0301267897285,0.734352532764,3.96440493414e-07,14.3130156337,40015.3548619,39879.0954827,40127.7295713,3.52634347137e-05,-4.4406827789e-05,1200000.0,0.01333987856159732
1.91509210129e-06,0.09868750553675855,0.0497653791293,0.0301270048883,0.734295906414,3.9540704445e-07,7.13645807189,42216.2671738,42015.1417227,43277.045879,1.68148006027e-05,-2.21406617769e-05,1200000.0,0.013447458454959505
1.90561685292e-06,0.09868642973628546,0.0497651639692,0.0301272200484,0.734238998876,3.93456180612e-07,14.9932050006,42764.0874313,44063.6324675,46223.9836703,5.91754303769e-06,-4.65149354322e-05,1200000.0,0.013555038502275348
1.89658121659e-06,0.09868535393429431,0.0497649488088,0.0301274293941,0.734182460865,3.91590901618e-07,15.5332048725,43706.9480825,46097.8381964,48951.5882015,2.22003039588e-05,-4.81891519219e-05,1200000.0,0.013662618701389923
1.88693551702e-06,0.09868427812844678,0.0497647336477,0.0301274544316,0.734138132164,3.89596562609e-07,11.377972477,46431.3434682,47323.2399546,50627.9431964,3.02535671937e-05,-3.52975169508e-05,1200000.0,0.013770199286141972
1.88093236804e-06,0.09868322743814682,0.0497645184859,0.0301273012999,0.734106166167,3.88356072015e-07,9.9578604655,47067.9703017,47916.0209636,51237.4102996,2.94650735498e-05,-3.089151292e-05,1200000.0,0.013877780186790607
1.87500924998e-06,0.09868224389975765,0.0497643033236,0.0301270931256,0.734079068102,3.87131939483e-07,8.20530534585,47327.272732,48273.5110193,51518.2862629,2.76611771166e-05,-2.54543796444e-05,1200000.0,0.013985361336565213
1.86974936534e-06,0.09868145100993947,0.0497640881607,0.0301268779628,0.734055794825,3.86045520814e-07,7.53507438153,48270.8363927,48599.5102312,51622.2146492,2.67879400229e-05,-2.3374910847e-05,1200000.0,0.014092942740648774
1.86514208426e-06,0.09868105389986552,0.0497638824644,0.0301266627995,0.734040506114,3.85093391313e-07,6.26683586571,49302.1681583,48761.1348397,51612.3086228,2.45634140758e-05,-1.94404106754e-05,1200000.0,0.014200524394544056
1.86076370771e-06,0.09868084859531566,0.0497636960783,0.0301264476359,0.734030716996,3.8419014743e-07,7.3575851521,49439.6006196,48841.4159664,51429.5591653,2.18458290841e-05,-2.28238114773e-05,1200000.0,0.014308106220137872
1.85699459909e-06,0.09868066330102307,0.0497635181831,0.0301262415617,0.734021617041,3.83408013928e-07,1.61198834638,49526.6753892,48897.172084,51284.8024726,2.02949550953e-05,-5.0004699558e-06,1200000.0,0.014415688159507424
1.85797228376e-06,0.09868054028707167,0.049763351571,0.030126055882,0.734013491957,3.83606589967e-07,-3.11675255777,49781.454412,48976.5337589,51160.2510579,1.94253713408e-05,9.66824092057e-06,1200000.0,0.01452327020171719
1.85750948936e-06,0.09868050045201834,0.0497631967131,0.0301258871465,0.734006992732,3.83516790729e-07,5.24762023343,49955.5245376,49049.0992223,51057.8452629,1.87567765988e-05,-1.62781070512e-05,1200000.0,0.014630852337521521
1.85095737685e-06,0.09868049076577257,0.049763053139,0.0301257327475,0.734001309067,3.8216928485e-07,12.7865237164,49980.7264758,49119.7388213,50972.1303043,1.86774461908e-05,-3.96634605166e-05,1200000.0,0.014738434561299958
1.84542674839e-06,0.09868048901519937,0.0497629202753,0.0301255905526,0.733996130209,3.81022150925e-07,5.25201246022,50015.706768,49185.7540405,50896.5446482,1.92622868855e-05,-1.62914883312e-05,1200000.0,0.014846016866654592
1.84480626603e-06,0.09868050447849243,0.0497627973167,0.0301254594931,0.733991602143,3.80890043068e-07,-0.555247230673,50071.6064863,49245.0583336,50826.3607196,2.02488070512e-05,1.72233901321e-06,1200000.0,0.01495359922522174
1.8443103549e-06,0.09868053432234689,0.0497626831983,0.0301253385548,0.733987625318,3.80790924171e-07,4.26151706719,50093.1651875,49299.3047988,50763.1566752,2.15001998683e-05,-1.32188535484e-05,1200000.0,0.015061181632601
1.83874809716e-06,0.09868056675636094,0.0497625773255,0.0301252267189,0.733983994841,3.79646739981e-07,10.4357418207,50093.3576491,49350.0453803,50706.7437359,2.2974785008e-05,-3.23705707438e-05,1200000.0,0.015168764103324753
1.83228335409e-06,0.09868060014354928,0.04976247914,0.0301251231581,0.733980675791,3.78309886002e-07,7.24953705765,50099.1058569,49397.1831861,50654.7419942,2.45794030655e-05,-2.24871831389e-05,1200000.0,0.015276346626160828
1.82858439505e-06,0.09868063556208855,0.0497623880261,0.0301250272044,0.733977663858,3.77544365979e-07,4.67873047675,50103.4031232,49440.1446366,50607.1002632,2.62329428961e-05,-1.45127842649e-05,1200000.0,0.01538392918022387
1.82491492017e-06,0.09868067111122798,0.049762303402,0.0301249382444,0.733974902475,3.7678789779e-07,6.35203156851,50099.8222442,49479.9641729,50562.9906654,2.7890750174e-05,-1.97030452917e-05,1200000.0,0.015491511777377297
1.82020716787e-06,0.0986807050197177,0.0497622247723,0.0301248556865,0.733972345405,3.75816716503e-07,7.52771826143,50095.206724,49516.4111635,50522.605667,2.9525182e-05,-2.33497516817e-05,1200000.0,0.015599094413435086
1.81475216731e-06,0.09868073768242472,0.0497621517122,0.0301247790153,0.73396998718,3.74691399038e-07,8.9033053832,50091.7652807,49550.570114,50485.5060555,3.11147424596e-05,-2.76164936898e-05,1200000.0,0.015706677075872314
1.80871781421e-06,0.0986807689482547,0.0497620837757,0.0301247077935,0.733967805192,3.73445458639e-07,8.8336435365,50087.3228594,49582.1628718,50451.3690105,3.26438957089e-05,-2.74003168058e-05,1200000.0,0.015814259761842257
1.80294254984e-06,0.0986807983141099,0.0497620205933,0.0301246415498,0.73396578136,3.72252155808e-07,7.50126991641,50081.323869,49611.1710545,50419.4842074,3.41087300409e-05,-2.32674632435e-05,1200000.0,0.015921842478594576
1.79851737946e-06,0.0986808258294233,0.0497619617617,0.0301245799239,0.733963896163,3.71337853354e-07,6.57158635093,50076.6762703,49638.089501,50390.5230148,3.55019835825e-05,-2.0383705111e-05,1200000.0,0.016029425222864487
1.79364879877e-06,0.09868085172888079,0.0497619069945,0.0301245225787,0.733962144675,3.70333798212e-07,8.27260116075,50071.7328168,49662.9839597,50363.2043866,3.6822764666e-05,-2.56598296752e-05,1200000.0,0.016137007986957434
1.78749937496e-06,0.09868087578750512,0.049761856006,0.0301244692028,0.733960512238,3.69064920943e-07,9.3901739952,50066.3844816,49686.2305802,50337.9707574,3.80712839797e-05,-2.91262214862e-05,1200000.0,0.0162445907739143
1.78152856113e-06,0.09868089808062819,0.0497618085079,0.0301244195028,0.733958988005,3.67831290854e-07,8.09350674075,50061.3982271,49707.4009899,50314.7480584,3.9248436969e-05,-2.51041863146e-05,1200000.0,0.016352173586998947
1.7762919562e-06,0.09868091873091028,0.0497617642473,0.0301243732105,0.733957564151,3.66749862577e-07,7.75066591359,50057.4048638,49727.4724966,50293.1576748,4.03563456753e-05,-2.40407187389e-05,1200000.0,0.016459756420694246
1.77137295853e-06,0.09868093795196717,0.0497617229853,0.0301243300773,0.733956234693,3.6573335276e-07,6.41512493272,50052.9052948,49745.9356035,50273.3386859,4.1397611608e-05,-1.98981458384e-05,1200000.0,0.016567339271479603
1.76693537516e-06,0.09868095594582957,0.0497616845223,0.0301242898595,0.733954997503,3.64818032969e-07,7.75048532714,50049.4897744,49763.02153,50254.6764703,4.23766875983e-05,-2.40400567425e-05,1200000.0,0.016674922145344693
1.76068634777e-06,0.0986809723895881,0.0497616486411,0.0301242523704,0.733953835366,3.63529542062e-07,10.2251375068,50045.1747029,49778.9739233,50237.678481,4.32944487927e-05,-3.17157458573e-05,1200000.0,0.016782505043132175
1.75442685307e-06,0.09868098761197046,0.0497616151827,0.0301242173988,0.733952750699,3.62235694369e-07,8.06681671323,50042.1750787,49793.7462338,50221.4040456,4.4155966487e-05,-2.50211469835e-05,1200000.0,0.016890087958312087
1.75001606775e-06,0.09868100173597345,0.0497615839419,0.0301241847962,0.733951732954,3.61323457432e-07,5.84543040298,50038.7753077,49807.5404046,50206.4796403,4.49617788914e-05,-1.81309604211e-05,1200000.0,0.01699767089000037
1.74586229028e-06,0.09868101471391649,0.0497615547928,0.0301241543806,0.733950779533,3.60466682241e-07,7.06793697788,50035.4130193,49820.4577198,50192.6399855,4.57165951486e-05,-2.19228145359e-05,1200000.0,0.017105253842780832
1.74088705847e-06,0.09868102655390476,0.0497615275911,0.0301241260032,0.733949884652,3.59439796946e-07,7.53761514716,50033.1803935,49832.2074794,50179.9347685,4.64231060625e-05,-2.33795947053e-05,1200000.0,0.017212836816185902
1.73541478653e-06,0.09868103754032494,0.0497615021758,0.0301240995108,0.733949045779,3.58310506237e-07,8.33011896611,50030.5229598,49843.3017315,50167.8683056,4.70843277448e-05,-2.58376876642e-05,1200000.0,0.01732041980769443
1.73021275397e-06,0.09868104781222986,0.0497614784191,0.030124074766,0.73394826045,3.57235534704e-07,6.97046692552,50028.642219,49853.5991328,50156.8954546,4.77033710575e-05,-2.16204019707e-05,1200000.0,0.017428002816671964
1.72601335168e-06,0.0986810571525568,0.049761456235,0.0301240516794,0.733947521344,3.5636798384e-07,6.24129385649,50025.1636087,49863.1267094,50146.5177728,4.82816416337e-05,-1.93586920938e-05,1200000.0,0.017535542505250357
1.72187536561e-06,0.09868106562508429,0.0497614354976,0.0301240301171,0.733946824651,3.55514401107e-07,7.51574483645,50023.6361215,49871.9574393,50136.9362774,4.88221757002e-05,-2.33116461087e-05,1200000.0,0.0176431255497622
1.72210174955e-06,0.09867999522859777,0.049761220331,0.0301242452837,0.733890205718,3.55556916192e-07,1.23974122338,52240.7859392,52029.6231302,53311.7098483,3.0356493696e-05,-3.84522010926e-06,1200000.0,0.01775070885222749
1.71778054114e-06,0.09867891939396746,0.0497610051641,0.0301244604506,0.73383330554,3.54668312516e-07,6.36627310162,52793.294883,54097.4718705,56295.685065,1.30350322826e-05,-1.9745378307e-05,1200000.0,0.017858292315255653
1.71673275749e-06,0.09867784355767727,0.0497607899969,0.030124667617,0.73377691695,3.54449588397e-07,2.99200123919,53750.733069,56150.0269031,59012.7836126,1.13495349343e-05,-9.27966270745e-06,1200000.0,0.017965875944274567
1.71436723578e-06,0.09867676771734919,0.0497605748288,0.0301246832095,0.733733223949,3.53959549414e-07,0.514862621365,56509.7892458,57335.7672712,60679.2136785,1.67977733315e-05,-1.59680886263e-06,1200000.0,0.01807345997709298
1.71613575518e-06,0.09867572630649894,0.0497603596601,0.0301245263913,0.733701672352,3.54322178255e-07,-3.06145273816,57098.303267,57925.3016751,61258.1802296,1.51024853963e-05,9.49473916259e-06,1200000.0,0.01818104432296312
1.72000587469e-06,0.0986747546924004,0.0497601444909,0.0301243171312,0.73367486024,3.55117786507e-07,-8.01596507883,57361.8797662,58279.5495231,61529.3106002,1.43230803253e-05,2.48602773499e-05,1200000.0,0.01828862891758296
1.72464891875e-06,0.09867398044084692,0.0497599293212,0.0301241019615,0.733651917687,3.56077661602e-07,-6.2114413376,58336.3193227,58604.1767124,61633.9464338,1.59761234301e-05,1.92635880892e-05,1200000.0,0.018396213765491734
1.7293720963e-06,0.098673605172904,0.0497597246828,0.0301238867913,0.733637131182,3.5705058889e-07,-9.49538545892,59343.3476273,58763.6385325,61607.2567149,1.63242213356e-05,2.94477532993e-05,1200000.0,0.018503798858119515
1.73637194201e-06,0.0986734086613369,0.0497595389654,0.0301236716238,0.733627572355,3.5849522354e-07,-10.3805870648,59454.6099361,58839.6520104,61422.1021916,1.72135379889e-05,3.21926884294e-05,1200000.0,0.01861138411380678
1.74405712213e-06,0.09867322974697232,0.0497593616464,0.0301234671244,0.73361854442,3.60079957302e-07,-13.2428293737,59547.4689807,58898.7141708,61280.7248452,1.94905001182e-05,4.10688138991e-05,1200000.0,0.01871896948763612
1.75367065928e-06,0.09867311580324305,0.0497591960466,0.0301232830651,0.733610583266,3.62063774608e-07,-14.7917780315,59808.4032194,58979.0866804,61157.6122373,2.18179368629e-05,4.58720330713e-05,1200000.0,0.018826554963044265
1.76249125783e-06,0.09867308279282629,0.0497590422787,0.0301231157955,0.73360422704,3.63887680294e-07,-10.7541321334,59967.2743043,59052.0801653,61055.6628007,2.39127791386e-05,3.33502702512e-05,1200000.0,0.01893414052932348
1.76792819896e-06,0.09867307597435328,0.0497588997553,0.0301229626336,0.733598627719,3.65013266781e-07,-6.3912084231,59987.0004528,59122.9988639,60969.889089,2.61032912774e-05,1.98199980579e-05,1200000.0,0.019041726183057796
1.77339657556e-06,0.09867307645591021,0.0497587679278,0.030122821622,0.733593524101,3.6613913349e-07,-11.007519389,60023.3921082,59188.6998658,60893.684756,2.84085116952e-05,3.41355589599e-05,1200000.0,0.01914931191279846
1.78234749677e-06,0.09867309442797298,0.0497586458855,0.0301226917422,0.733589063014,3.67985222897e-07,-13.8101139994,60077.2872494,59247.9157567,60823.6253306,3.06824627236e-05,4.28264454238e-05,1200000.0,0.019256897694914316
1.79016900683e-06,0.09867312563882882,0.0497585327108,0.0301225719573,0.733585137736,3.69603504389e-07,-8.87411988197,60095.2463309,59302.2887293,60760.5370298,3.28969996641e-05,2.75193007682e-05,1200000.0,0.01936448352545747
1.79471284686e-06,0.09867315832557043,0.0497584277376,0.0301224612367,0.733581536912,3.70543318603e-07,-6.51380148335,60093.6097549,59353.1309735,60703.8020047,3.50644216776e-05,2.01996633776e-05,1200000.0,0.01947206941430072
1.79945322405e-06,0.098673191764441,0.0497583304138,0.0301223587552,0.733578242151,3.71520612109e-07,-8.59675290366,60099.1137451,59399.975774,60651.3132365,3.71646378536e-05,2.66588744301e-05,1200000.0,0.019579655351619884
1.80612456508e-06,0.09867322708879327,0.049758240086,0.0301222638626,0.733575244822,3.72896843408e-07,-10.2567556973,60102.9753753,59442.7894177,60603.8865848,3.91753343293e-05,3.18064574125e-05,1200000.0,0.019687241322112938
1.81134151915e-06,0.09867326233214395,0.0497581561892,0.0301221758865,0.733572492965,3.7397716976e-07,-5.63492930369,60097.6994887,59482.337707,60559.7030513,4.10932032272e-05,1.74739778901e-05,1200000.0,0.019794827333420764
1.81508620197e-06,0.09867329566552349,0.049758078234,0.030122094156,0.733569945207,3.74749582214e-07,-6.72515343946,60093.4418903,59518.9073592,60519.4689728,4.29213937814e-05,2.08546891383e-05,1200000.0,0.01990241337678122
1.81979671805e-06,0.09867332782140417,0.0497580057772,0.0301220182906,0.733567591168,3.75722209982e-07,-6.58746204249,60090.4137552,59552.7400318,60482.0910626,4.46511798995e-05,2.04276307789e-05,1200000.0,0.020009999445547162
1.82363057201e-06,0.09867335836479127,0.0497579383946,0.0301219478135,0.733565408115,3.76514653899e-07,-5.33931936726,60084.7117368,59584.3746071,60448.1392572,4.62840895143e-05,1.65570982815e-05,1200000.0,0.02011758553844229
1.82764155873e-06,0.0986733869211998,0.0497578757326,0.030121882291,0.7335633796,3.77342417325e-07,-5.85937987658,60080.4415423,59613.0083952,60416.7215092,4.78240726332e-05,1.81697325271e-05,1200000.0,0.020225171656180166
1.83122651609e-06,0.09867341388764646,0.049757817402,0.030121821366,0.733561493466,3.78083357488e-07,-4.75271761642,60074.8204317,59639.9558811,60387.4164821,4.92717114926e-05,1.47379662357e-05,1200000.0,0.020332757798851256
1.83409956803e-06,0.0986734389273164,0.0497577631501,0.0301217646967,0.733559738778,3.78676699846e-07,-4.53288745592,60068.9091753,59664.9919962,60360.3980399,5.06324009759e-05,1.40562431018e-05,1200000.0,0.020440343960469946
1.83678127027e-06,0.0986734620840701,0.0497577126168,0.0301217119771,0.733558097121,3.79231108926e-07,-3.47349736289,60063.5158272,59687.8428422,60335.468987,5.1907447009e-05,1.07711018302e-05,1200000.0,0.02054793014203541
1.83893605983e-06,0.09867348351009707,0.0497576655375,0.0301216628748,0.7335565641,3.79676078831e-07,-3.38963008426,60059.7732506,59709.2991775,60312.5213899,5.31034746285e-05,1.05110084719e-05,1200000.0,0.020655516344574118
1.84155990838e-06,0.09867350354228152,0.0497576216678,0.0301216171486,0.733555134911,3.80217553842e-07,-3.75580450959,60055.4341479,59728.8685433,60290.9301052,5.42238579175e-05,1.16464634006e-05,1200000.0,0.02076310256421223
1.84344760928e-06,0.09867352187663934,0.0497575807502,0.0301215745517,0.733553792268,3.80607986005e-07,-2.7879222883,60050.1562839,59747.1626488,60271.0456299,5.52716823192e-05,8.64511572333e-06,1200000.0,0.020870688801302956
1.84542719658e-06,0.09867353883747022,0.049757542609,0.030121534863,0.73355253725,3.81016827433e-07,-2.56733165859,60047.0545675,59764.2662548,60252.6657037,5.62521816337e-05,7.96106609347e-06,1200000.0,0.020978275058724606
1.84631847044e-06,0.098673554465534,0.0497575070289,0.0301214978681,0.733551361177,3.81202151363e-07,-0.673846411637,60042.5575793,59780.0802438,60235.5915478,5.71690854373e-05,2.0895336327e-06,1200000.0,0.021085861335882465
1.84682150389e-06,0.09867356865362255,0.0497574738367,0.0301214633667,0.733550256453,3.81305321157e-07,-1.70713731396,60039.2612818,59794.7806111,60219.5765127,5.8026649973e-05,5.29366144697e-06,1200000.0,0.02119344762598356
1.84902960739e-06,0.0986735818108602,0.0497574428482,0.0301214311996,0.73354922064,3.81759017776e-07,-4.8663251927,60035.9303138,59808.2144383,60204.9868643,5.88276154382e-05,1.50899611369e-05,1200000.0,0.021301033930573327
1.85148737766e-06,0.09867359380900467,0.0497574139082,0.0301214011948,0.733548245816,3.82267934441e-07,-2.73493186363,60032.4065702,59820.9526094,60190.923006,5.95756177328e-05,8.48072210337e-06,1200000.0,0.02140862025373361
1.85182716077e-06,0.09867360451338797,0.0497573868639,0.0301213731626,0.733547325406,3.82340007878e-07,0.0205334025261,60030.0063452,59832.8164448,60178.4090996,6.02752816962e-05,-6.36717256359e-08,1200000.0,0.021516206592915504
1.85226165011e-06,0.0986736145923798,0.0497573616136,0.0301213469971,0.733546467115,3.82429071648e-07,-0.90689073591,60027.8333182,59843.6404981,60166.4383283,6.0929879942e-05,2.81216039631e-06,1200000.0,0.0216237929471129
1.85316735126e-06,0.09867362378535893,0.0497573379829,0.0301213225587,0.733545656395,3.82615195786e-07,-2.17375979674,60025.2675053,59853.8608217,60155.643741,6.15408953347e-05,6.74056236701e-06,1200000.0,0.021731379315482108
1.85511364302e-06,0.09867363207584956,0.0497573159227,0.0301212997442,0.733544894438,3.83015938175e-07,-3.76765234726,60022.3546832,59863.6086649,60145.2692911,6.21119196334e-05,1.1683013916e-05,1200000.0,0.021838965699047187
1.85748552424e-06,0.09867363956447558,0.0497572952926,0.0301212784125,0.733544177007,3.83506511404e-07,-2.51373231566,60020.8238852,59872.3277621,60135.7366302,6.26461880696e-05,7.79475786144e-06,1200000.0,0.021946552096317275
1.86347832758e-06,0.09867256912965783,0.0497570801193,0.0301214935858,0.733487565263,3.8474054998e-07,-7.40379876783,62248.2098176,62039.5286105,63327.8642256,4.42063360837e-05,2.29576523844e-05,1200000.0,0.022054138747559456
1.86455702626e-06,0.09867149326157938,0.0497568649456,0.0301217087594,0.733430672421,3.84967597128e-07,-1.10081447125,62802.084995,64121.0824232,66331.2634561,2.63011940299e-05,3.41332029613e-06,1200000.0,0.022161725555394887
1.86892813724e-06,0.09867041739185174,0.0497566497717,0.0301219146035,0.73337437769,3.8586753618e-07,-4.68336159913,63771.2796548,66185.338292,69045.9135853,1.22661553212e-05,1.45214782709e-05,1200000.0,0.02226931252815879
1.87154805625e-06,0.09866934151807168,0.0497564345969,0.0301219250056,0.733331036392,3.86407833289e-07,-5.62559487256,66547.9174081,67348.7183252,70708.0836495,7.61286441023e-06,1.74426615787e-05,1200000.0,0.022376899906147572
1.87712671847e-06,0.09866830521343041,0.0497562194216,0.0301217661939,0.733299712265,3.87555955143e-07,-10.9385274867,67109.1140295,67936.6146692,71270.2909122,1.22420481037e-06,3.39154148585e-05,1200000.0,0.02248448758749673
1.88637701888e-06,0.09866734019185495,0.0497560042457,0.0301215564511,0.733273051895,3.89462749926e-07,-15.3714536373,67376.8916974,68290.5321131,71535.4067843,7.40339568562e-06,4.7659324572e-05,1200000.0,0.022592075510626534
1.8955637545e-06,0.09866657615910887,0.0497557890694,0.0301213412748,0.733250292053,3.91363570736e-07,-9.42185988069,68371.9513152,68612.345201,71637.6277689,1.41409852433e-05,2.92121956364e-05,1200000.0,0.02269966368227751
1.90232058534e-06,0.09866621209299185,0.0497555855233,0.030121126098,0.733235824616,3.92756100712e-07,-13.1925219859,69360.8858699,68767.8127198,71598.8402252,1.84551001516e-05,4.0902535162e-05,1200000.0,0.022807252096531
1.91359446693e-06,0.0986660189145272,0.0497554003503,0.0301209110096,0.733226381064,3.95080287502e-07,-18.2045289087,69460.8035729,68839.5041956,71416.246557,2.2954005251e-05,5.6441381632e-05,1200000.0,0.022914840663769562
1.92612522169e-06,0.09866584287034073,0.0497552236248,0.0301207082399,0.733217354757,3.97666977931e-07,-18.9231706017,69557.5104234,68903.4357395,71273.2564301,2.74696920296e-05,5.8668926124e-05,1200000.0,0.023022429344694124
1.93881294713e-06,0.09866573296724505,0.0497550590239,0.0301205256376,0.733209478461,4.0028676191e-07,-18.6012439421,69819.6198003,68984.0613485,71151.7822456,3.1294940884e-05,5.76703320064e-05,1200000.0,0.023130018125588042
1.95054642821e-06,0.09866570320557426,0.0497549062674,0.0301203596902,0.733203203383,4.02710833357e-07,-16.4315301487,69974.7612723,69057.1392635,71049.7319501,3.45617933991e-05,5.09430413094e-05,1200000.0,0.023237606997399095
1.96034646189e-06,0.09866569792330594,0.0497547648098,0.0301202077717,0.733197666252,4.04736297529e-07,-13.4238467009,69990.7128292,69128.1924658,70963.7808053,3.76024685058e-05,4.16179344289e-05,1200000.0,0.023345195952032424
1.97020208488e-06,0.0986656998431759,0.0497546340438,0.0301200680037,0.733192622529,4.06768395819e-07,-17.4419697669,70028.0729471,69194.0289765,70887.5310832,4.04994313019e-05,5.40749380676e-05,1200000.0,0.023452784979550296
1.98330745375e-06,0.09866571921667477,0.0497545130324,0.0301199392821,0.733188222932,4.09472523128e-07,-19.8415917665,70080.7137406,69253.3623985,70817.4619648,4.32177837352e-05,6.15140375837e-05,1200000.0,0.02356037405956004
1.99543401382e-06,0.09866575106788482,0.049754400881,0.0301198206398,0.733184345936,4.11979730843e-07,-14.7844536121,70096.6865529,69307.8751909,70753.8797106,4.57687047532e-05,4.58353294634e-05,1200000.0,0.023667963189507417
2.00356507267e-06,0.09866578423809169,0.0497542969459,0.0301197110626,0.733180792192,4.13661443281e-07,-10.5831922019,70094.8059378,69358.5893457,70697.7023466,4.81800173483e-05,3.28102319032e-05,1200000.0,0.023775552378136805
2.01149892706e-06,0.09866581805147259,0.0497542006269,0.0301196097131,0.733177539575,4.15297034504e-07,-14.2178940979,70100.6367154,69405.6632477,70645.2159071,5.04570089289e-05,4.40783843085e-05,1200000.0,0.02388314161269135
2.02179951147e-06,0.09866585387010583,0.049754111337,0.0301195159161,0.733174592576,4.1742259398e-07,-15.8575921462,70104.5297415,69448.4200567,70597.2366063,5.26013371311e-05,4.91615488149e-05,1200000.0,0.023990730884986784
2.0311731341e-06,0.09866588917228084,0.0497540284909,0.030119429037,0.733171884589,4.19360655414e-07,-11.8978796566,70098.2195502,69488.1850698,70554.18367,5.46175586701e-05,3.68855238655e-05,1200000.0,0.02409832019809131
2.03808643875e-06,0.09866592254577104,0.0497539515998,0.0301193484584,0.733169378265,4.20789540515e-07,-9.7304301388,70093.8116694,69524.9050986,70513.7841953,5.65136076172e-05,3.01659260926e-05,1200000.0,0.02420590953989102
2.04502087568e-06,0.09866595451514454,0.0497538802044,0.0301192736905,0.733167064907,4.22220480537e-07,-10.87418137,70090.2411793,69558.8770596,70476.6602469,5.82936017208e-05,3.37116153121e-05,1200000.0,0.024313498908328846
2.05197572218e-06,0.09866598500114611,0.0497538138946,0.030119204282,0.733164928017,4.23656934418e-07,-10.116348657,70084.5042242,69590.1415173,70442.506417,5.99629401291e-05,3.13621082918e-05,1200000.0,0.024421088302468558
2.05844320798e-06,0.09866601331398903,0.0497537522573,0.0301191398372,0.733162936439,4.24992612979e-07,-9.61249879678,70079.0912511,69618.8773064,70411.2035681,6.15248079894e-05,2.98000053965e-05,1200000.0,0.024528677721599668
2.06488027512e-06,0.09866603996575836,0.0497536949501,0.0301190799403,0.733161089127,4.26321799001e-07,-9.39096688457,70074.1538357,69645.6877128,70382.3581805,6.29874450493e-05,2.91131394532e-05,1200000.0,0.024636267164439188
2.07083761088e-06,0.0986660647392708,0.0497536416645,0.0301190242537,0.733159370879,4.2755265177e-07,-8.12881206984,70068.3394014,69670.5562345,70355.2652098,6.43562511348e-05,2.52002356477e-05,1200000.0,0.024743856629253304
2.07606021163e-06,0.09866608751718077,0.0497535921109,0.0301189724917,0.733157766762,4.28631400238e-07,-7.47276743525,70063.0807442,69693.5061673,70330.3740187,6.56350245348e-05,2.31663623051e-05,1200000.0,0.024851446115266754
2.081085073e-06,0.09866610868935688,0.049753545991,0.0301189243305,0.733156272382,4.29668451795e-07,-8.09552115418,70058.8225336,69714.7146121,70307.5338579,6.68304450965e-05,2.50969035832e-05,1200000.0,0.024959035621555912
2.08619506632e-06,0.0986661283435585,0.0497535030535,0.0301188795074,0.733154879123,4.30723809245e-07,-7.61901213408,70054.2177268,69734.4362317,70286.3049104,6.79474798969e-05,2.36196266863e-05,1200000.0,0.025066625143665713
2.09143853246e-06,0.09866614649390543,0.049753463089,0.03011883779,0.733153579689,4.31806262214e-07,-7.82982068634,70050.2142003,69752.7939121,70266.3908586,6.89909419654e-05,2.42731004951e-05,1200000.0,0.025174214683489845
2.09641905569e-06,0.09866616321699227,0.0497534258751,0.0301187989517,0.733152366031,4.32835232434e-07,-6.86689652076,70045.9830672,69769.5956019,70248.1084028,6.99652622245e-05,2.12879121459e-05,1200000.0,0.025281804246517648
2.10064754989e-06,0.09866617859087094,0.0497533911928,0.0301187627834,0.73315122938,4.33708875586e-07,-5.99826285192,70042.2718196,69785.2260222,70231.1992757,7.08743194397e-05,1.85950469257e-05,1200000.0,0.025389393827987113
2.10471988107e-06,0.0986661927991998,0.0497533588659,0.030118729079,0.733150167285,4.3454937262e-07,-6.44775034653,70039.3555533,69799.8835985,70215.2279169,7.17233618499e-05,1.99884571023e-05,1200000.0,0.02549698342289962
2.10939704182e-06,0.09866620589713482,0.0497533287406,0.0301186976988,0.733149173088,4.35514557867e-07,-7.1470631303,70036.0125187,69813.5304241,70200.5139184,7.25147953192e-05,2.21563388309e-05,1200000.0,0.025604573033332273
2.11387241501e-06,0.09866621789033023,0.0497533006471,0.0301186684446,0.733148241434,4.36439247549e-07,-6.18649475467,70032.9996545,69826.0782955,70186.8108556,7.32535977734e-05,1.9178488092e-05,1200000.0,0.025712162661083632
2.11743417253e-06,0.09866622886919127,0.0497532744491,0.0301186411711,0.733147368567,4.37175050676e-07,-5.57847078285,70030.6025615,69837.6880643,70174.3340545,7.39431755321e-05,1.72935550896e-05,1200000.0,0.025819752306291258
2.12147645669e-06,0.09866623913849457,0.0497532500023,0.0301186157441,0.733146552917,4.3800909812e-07,-6.36030212356,70028.4528576,69848.5882233,70162.6833333,7.45866416551e-05,1.97172481072e-05,1200000.0,0.02592734196701503
2.12560126561e-06,0.09866624851975948,0.0497532271929,0.030118592024,0.733145788152,4.38860838214e-07,-6.2071846523,70025.7063849,69858.5614772,70151.5152001,7.51874244591e-05,1.92425530575e-05,1200000.0,0.026034931643986254
2.12962760274e-06,0.09866625699628784,0.0497532058845,0.0301185699045,0.733145065995,4.39692302213e-07,-5.975819265,70023.2792661,69867.9727992,70141.4287027,7.57469247628e-05,1.85252890064e-05,1200000.0,0.026142521336805617
2.13895314177e-06,0.0986651868360947,0.0497529907652,0.0301187850237,0.733088477492,4.41612914353e-07,-12.9093865227,72259.2039803,72048.2996978,73349.2600486,5.73179500906e-05,4.00186462762e-05,1200000.0,0.026250080967011407
2.14355781138e-06,0.09866411093499171,0.049752775585,0.0301190002039,0.733031591917,4.42567775713e-07,-7.00462776657,72817.3856215,74140.0440719,76372.9427385,3.92138125629e-05,2.17136010437e-05,1200000.0,0.026357671077311812
2.1506070486e-06,0.09866303503222783,0.0497525604044,0.0301192045011,0.732975405749,4.44022575044e-07,-7.74673711393,73796.6881225,76215.8411851,79082.9307603,2.29157748898e-05,2.40135230139e-05,1200000.0,0.026465261353701214
2.15407866828e-06,0.09866195912536452,0.0497523452231,0.0301192093606,0.732932439553,4.44739781913e-07,-7.24386105975,76587.7894171,77355.2180711,80736.9185418,1.46334543574e-05,2.24542412315e-05,1200000.0,0.026572852040032548
2.16305295072e-06,0.09866092783952223,0.0497521300411,0.0301190484869,0.732901345825,4.46586206816e-07,-16.5704535087,77124.0919996,77940.0414584,81282.5471586,1.28155232697e-05,5.13637405045e-05,1200000.0,0.026680443032712987
2.17583233903e-06,0.09865996935288354,0.0497519148586,0.0301188381642,0.732874842598,4.49221915737e-07,-20.6091852313,77398.0900581,78292.8748592,81542.5381288,1.7189231787e-05,6.38818941778e-05,1200000.0,0.026788034268896324
2.18822094962e-06,0.09865921585760852,0.0497516996776,0.0301186229812,0.732852271039,4.5178322758e-07,-15.5715597847,78411.8411753,78614.8604667,81643.845079,2.31208131984e-05,4.82662649584e-05,1200000.0,0.02689562575156899
2.19995192252e-06,0.09865886344445975,0.0497514967283,0.0301184077977,0.732838076282,4.54201117728e-07,-21.659904902,79381.3283263,78768.0164109,81596.5397969,2.8298871855e-05,6.7137158865e-05,1200000.0,0.027003217477865583
2.21592868278e-06,0.09865867456737794,0.0497513118946,0.0301181927884,0.732828742215,4.57497807265e-07,-24.452119864,79470.9344272,78837.5751816,81414.6774925,3.37130197301e-05,7.57911906366e-05,1200000.0,0.027110809359678068
2.23286366288e-06,0.09865850264236518,0.0497511355018,0.0301179909749,0.732819762295,4.60993347892e-07,-25.8474121019,79571.6533893,78904.2134386,81269.8331919,3.87341909442e-05,8.01152785101e-05,1200000.0,0.027218401351382402
2.25029215267e-06,0.09865839833736718,0.0497509715302,0.0301178092503,0.732811996133,4.64591677013e-07,-25.9310897483,79835.2418325,78984.8187556,81148.7726432,4.29762075224e-05,8.03739424655e-05,1200000.0,0.02732599344284131
2.26753079824e-06,0.09865837271911777,0.0497508194259,0.0301176441863,0.732805807645,4.68150953415e-07,-25.8762395215,79981.7042011,79058.8311798,81046.7635459,4.6635809635e-05,8.02032732955e-05,1200000.0,0.02743358562591119
2.28342781589e-06,0.0986583697031472,0.0497506786649,0.0301174931624,0.732800328123,4.71436079262e-07,-21.3986115139,79996.5064848,79130.2707631,80961.2490612,4.99782071441e-05,6.63243823173e-05,1200000.0,0.027541177888785254
2.29903607991e-06,0.09865837371477967,0.0497505486751,0.0301173542677,0.732795349019,4.74656445503e-07,-24.7882952253,80033.9793842,79196.9504825,80884.7613276,5.30970790115e-05,7.68300753333e-05,1200000.0,0.027648770224552942
2.31738760312e-06,0.09865839505874544,0.0497504284841,0.0301172264193,0.732791016745,4.78443009322e-07,-28.2886818412,80086.4371348,79256.5216507,80814.1232248,5.5992234007e-05,8.76787877867e-05,1200000.0,0.027756362615063312
2.33489286978e-06,0.09865842825624989,0.049750317122,0.0301171086409,0.732787193219,4.82060982237e-07,-22.859202743,80099.1281522,79311.2713044,80750.7782387,5.86820875552e-05,7.08500696101e-05,1200000.0,0.027863955056158175
2.34854216305e-06,0.09865846217323362,0.0497502139878,0.0301169999001,0.732783685435,4.84881268053e-07,-19.755169571,80097.0235001,79362.2059486,80694.4660595,6.11982701443e-05,6.12290525333e-05,1200000.0,0.02797154755190238
2.36285073117e-06,0.09865849662168183,0.049750118501,0.030116899342,0.732780483266,4.87833149325e-07,-23.1966610862,80102.8330386,79409.2664065,80641.9364947,6.35565907578e-05,7.18952241563e-05,1200000.0,0.028079140090719906
2.3785909207e-06,0.09865853304519218,0.0497500300467,0.0301168063388,0.732777586322,4.91083225909e-07,-22.8073367411,80105.5466444,79452.5176138,80593.8900667,6.57627475929e-05,7.06882229699e-05,1200000.0,0.02818673267143578
2.39267018118e-06,0.09865856871521705,0.0497499480517,0.0301167202392,0.732774926898,4.93992359877e-07,-19.5720616608,80099.7426318,79492.2418851,80549.9064424,6.78260238227e-05,6.06606619483e-05,1200000.0,0.0282943252964984
2.40552070238e-06,0.098658602489783,0.0497498719911,0.0301166404623,0.732772465929,4.96645626024e-07,-19.4722822931,80095.5361397,79529.0553307,80509.9822256,6.97544342501e-05,6.03511691775e-05,1200000.0,0.028401917950869212
2.41873278393e-06,0.09865863493707801,0.0497498014437,0.0301165665082,0.73277020033,4.9937347397e-07,-19.4601301845,80091.5484169,79563.2287784,80472.7583383,7.15570509859e-05,6.03132807528e-05,1200000.0,0.028509510632458678
2.43145231322e-06,0.09865866575540151,0.0497497359886,0.0301164979335,0.732768108066,5.02000291874e-07,-18.5049335775,80085.967267,79594.5920425,80438.7403042,7.32404583317e-05,5.7352616152e-05,1200000.0,0.028617103340069835
2.44348493976e-06,0.09865869450590586,0.0497496752232,0.0301164343067,0.732766165862,5.04485140139e-07,-17.7680778827,80080.3300538,79623.508353,80406.759545,7.48116946975e-05,5.50686917762e-05,1200000.0,0.02872469607119625
2.45550138502e-06,0.0986587215342054,0.049749618788,0.0301163752498,0.732764365412,5.06966039842e-07,-17.8830788017,80075.4360206,79650.3435739,80377.74155,7.62777113677e-05,5.54249502904e-05,1200000.0,0.02883228882577697
2.46717778751e-06,0.09865874668518292,0.0497495663743,0.0301163204084,0.732762693629,5.09377398943e-07,-17.0680079604,80069.6580107,79675.2663488,80350.854657,7.76457145081e-05,5.28986584027e-05,1200000.0,0.028939881602253702
2.47826957149e-06,0.09865876992757237,0.04974951768,0.030116269474,0.732761137294,5.11668161647e-07,-16.0650644599,80064.6616711,79698.2010571,80326.0679761,7.89212105378e-05,4.97901203122e-05,1200000.0,0.029047474400731625
2.48871883846e-06,0.09865879158072964,0.0497494724182,0.0301162221437,0.732759690622,5.13826173986e-07,-15.2168062118,80060.4048991,79719.4901554,80302.9967793,8.01107184416e-05,4.71610199236e-05,1200000.0,0.029155067218073656
2.49868022646e-06,0.09865881173199463,0.0497494303315,0.0301161781342,0.732758345679,5.15883168123e-07,-14.7832781881,80055.7177254,79739.075561,80281.7632008,8.12205255206e-05,4.58172987267e-05,1200000.0,0.029262660050725805
2.50829229019e-06,0.09865883030778554,0.0497493911965,0.030116137216,0.732757091895,5.17867629203e-07,-14.9494787054,80051.5539067,79757.2832173,80262.449232,8.2255124597e-05,4.63323012083e-05,1200000.0,0.029370252901673083
2.51813430443e-06,0.0986588474661478,0.0497493547883,0.0301160991627,0.73275592242,5.19900480846e-07,-13.7623975337,80047.5126151,79774.2263705,80243.7384227,8.32193397075e-05,4.26531465623e-05,1200000.0,0.02947784577470032
2.52681623275e-06,0.09865886326195931,0.0497493209084,0.0301160637739,0.732754829665,5.21694070759e-07,-12.2218774004,80043.769802,79789.8690108,80226.8467214,8.41173212425e-05,3.78786192077e-05,1200000.0,0.029585438665533106
2.53490132777e-06,0.09865887788788552,0.0497492893798,0.0301160308247,0.732753812566,5.23363326509e-07,-12.2941379744,80040.669068,79804.4416753,80211.2097991,8.49554964173e-05,3.81025102519e-05,1200000.0,0.029693031569694592
2.54317607625e-06,0.09865889146432412,0.0497492600196,0.0301160001689,0.732752862835,5.25072009306e-07,-11.9397788229,80037.4671326,79817.8449314,80196.4881102,8.57360708097e-05,3.70042077591e-05,1200000.0,0.02980062449004924
2.55099126197e-06,0.09865890384773432,0.0497492326709,0.03011597163,0.732751972446,5.26686385447e-07,-10.7942571208,80034.1949824,79830.3429694,80182.9522721,8.64631135911e-05,3.345391558e-05,1200000.0,0.029908217428583128
2.55785866894e-06,0.09865891527166895,0.0497492071985,0.0301159450494,0.732751141181,5.28104865142e-07,-9.94564318523,80031.7237966,79841.9199437,80170.446224,8.71411093403e-05,3.08238223424e-05,1200000.0,0.030015810382940718
2.56443327118e-06,0.09865892592376906,0.0497491834582,0.0301159202775,0.732750366458,5.29462529691e-07,-9.61014062674,80029.827886,79852.6157782,80158.7917073,8.77738470279e-05,2.97839857232e-05,1200000.0,0.030123403352098125
2.57036338883e-06,0.09865893572933611,0.049749161327,0.0301158972028,0.732749640845,5.30687985365e-07,-8.00626892123,80026.6098611,79862.6488002,80148.039545,8.83633017237e-05,2.48131979164e-05,1200000.0,0.030230996337002332
2.58138764908e-06,0.09865786523886827,0.0497489461406,0.0301161123893,0.732693043434,5.3295795419e-07,-17.0246086534,82271.207748,82056.9429901,83372.3860916,6.9933144649e-05,5.27617218225e-05,1200000.0,0.030338589577398843
2.58857438889e-06,0.0986567893049217,0.0497487309538,0.0301163275761,0.732636165046,5.3444610876e-07,-10.7846166756,82832.1976479,84159.8310221,86419.8644206,5.17324470619e-05,3.34223222456e-05,1200000.0,0.030446182972050637
2.59742952248e-06,0.09865571336943484,0.0497485157667,0.0301165300947,0.732580102646,5.36275042683e-07,-9.69073808952,83826.3720238,86248.4900999,89123.2580491,3.48533688688e-05,3.00316387847e-05,1200000.0,0.030553776520726748
2.60144756163e-06,0.0986546374298374,0.0497483005788,0.0301165289922,0.732537539354,5.37105955968e-07,-7.92709509813,86634.7311077,87360.9844545,90768.0649872,2.66194719117e-05,2.45656096983e-05,1200000.0,0.03066137048046649
2.61072602894e-06,0.09865361267235719,0.0497480853902,0.0301163660876,0.732506700445,5.3901450662e-07,-18.2206424435,87137.5111472,87943.3138735,91296.0434766,2.5915227403e-05,5.64639412647e-05,1200000.0,0.030768964742391516
2.62521510237e-06,0.09865266215408336,0.0497478702012,0.0301161553135,0.732480370854,5.42002725006e-07,-22.9142289207,87417.5379096,88294.9800884,91549.5642629,2.96671059057e-05,7.10080289447e-05,1200000.0,0.030876559249053418
2.63833390692e-06,0.09865192170178938,0.0497476550126,0.030115940124,0.732458031376,5.44716370651e-07,-15.6653227257,88451.6041855,88613.6896479,91649.3205384,3.47957859161e-05,4.85440653022e-05,1200000.0,0.03098415400317911
2.64980202334e-06,0.0986515817655309,0.0497474520868,0.030115724934,0.732444060763,5.4708031094e-07,-21.2373409871,89399.1052831,88766.9120267,91596.7214858,3.99813412062e-05,6.58099860589e-05,1200000.0,0.031091748995826743
2.66565356582e-06,0.09865139676546529,0.0497472671338,0.0301155100019,0.732434778102,5.50350952553e-07,-24.3062414204,89477.7475379,88835.9750465,91416.0048455,4.55803389642e-05,7.53191272835e-05,1200000.0,0.031199344139471057
2.6819548381e-06,0.09865122860685782,0.0497470908473,0.0301153087763,0.732425837947,5.53716882146e-07,-23.9404141495,89582.5527233,88904.3534307,91270.7192455,5.07149991759e-05,7.41848435542e-05,1200000.0,0.03130693939509767
2.69847171244e-06,0.09865112881262329,0.0497469271412,0.0301151276038,0.732418144629,5.57126126708e-07,-25.2944839368,89846.6026885,88985.1367773,91149.3474417,5.50999792409e-05,7.83800589323e-05,1200000.0,0.03141453474922737
2.71494712298e-06,0.09865110589156452,0.0497467753318,0.0301149630834,0.732412000507,5.6052883705e-07,-23.841718743,89985.2545832,89059.7131596,91047.1191625,5.89304694636e-05,7.38777641286e-05,1200000.0,0.031522130192865185
2.72910595437e-06,0.09865110383179079,0.0497466349418,0.030114812531,0.732406547947,5.63455366608e-07,-19.0586838711,89999.8235475,89131.4989727,90961.9721321,6.24193267258e-05,5.90562408637e-05,1200000.0,0.031629725718261684
2.74232153552e-06,0.0986511090196791,0.0497465053568,0.0301146741399,0.732401601171,5.66181920132e-07,-22.0301657923,90038.0140989,89198.1175163,90885.073784,6.56486873531e-05,6.82633573128e-05,1200000.0,0.03173732131347685
2.75853977023e-06,0.09865113153544568,0.0497463855726,0.0301145468184,0.732397299716,5.69528242132e-07,-25.1618567594,90088.9895023,89258.016196,90814.3046431,6.86345630757e-05,7.79668131321e-05,1200000.0,0.031844916963838496
2.77410187439e-06,0.09865116529651739,0.0497462746862,0.0301144295215,0.732393506856,5.72744879137e-07,-19.9375791256,90100.9930807,89312.8722006,90750.3348233,7.14031685301e-05,6.17784359198e-05,1200000.0,0.03195251266724399
2.78563641283e-06,0.09865119948923795,0.049746172031,0.0301143212458,0.732390026089,5.75128866299e-07,-16.3106819975,90098.3629899,89363.9524554,90693.4983476,7.39806133074e-05,5.05398801948e-05,1200000.0,0.03206010842186469
2.79741368777e-06,0.09865123420444899,0.0497460769876,0.0301142211784,0.732386845173,5.77558353187e-07,-19.465308086,90103.7370988,89411.2006489,90641.0090657,7.63835836232e-05,6.03144195071e-05,1200000.0,0.032167704219697335
2.81065661698e-06,0.098651270691379,0.0497459889957,0.0301141286902,0.732383966271,5.80292737404e-07,-19.1923876213,90105.8541309,89454.4240695,90592.8871125,7.86232866531e-05,5.94684737391e-05,1200000.0,0.03227530006463525
2.82243997506e-06,0.09865130646921415,0.049745907431,0.0301140431095,0.732381321899,5.8272787071e-07,-15.9243127296,90100.5701413,89494.3133818,90548.9017257,8.07101356998e-05,4.93419797072e-05,1200000.0,0.032382895953101946
2.83271829607e-06,0.09865134026296861,0.0497458317882,0.0301139637919,0.732378876976,5.8485064032e-07,-15.0008663428,90095.7116178,89531.0352329,90508.9037065,8.26575950712e-05,4.64804667994e-05,1200000.0,0.03249049187270913
2.84283854467e-06,0.09865137271294938,0.0497457616553,0.0301138902689,0.7323766286,5.86940199863e-07,-14.8964865778,90091.8951992,89565.2047066,90471.4864503,8.44750485275e-05,4.61568728549e-05,1200000.0,0.03259808782012388
2.85225547377e-06,0.09865140343298517,0.0497456966095,0.030113822129,0.73237455098,5.88885635266e-07,-13.2143344848,90085.8342273,89596.4554587,90437.1057644,8.61683057189e-05,4.09445708721e-05,1200000.0,0.03270568379292779
2.86090317611e-06,0.09865143209314339,0.0497456362633,0.0301137589598,0.732372623097,5.90671365741e-07,-12.8245669243,90080.4844457,89625.51234,90405.2805349,8.7744776504e-05,3.97367510078e-05,1200000.0,0.03281327978919787
2.86959073176e-06,0.09865145899793057,0.049745580221,0.03011370032,0.732370836157,5.92465029379e-07,-12.8668218538,90075.1371199,89652.2445018,90376.3937165,8.92143720445e-05,3.98675600356e-05,1200000.0,0.03292087580801266
2.87773411087e-06,0.09865148400693055,0.0497455282034,0.0301136458913,0.732369178193,5.94147285036e-07,-11.5250676557,90069.5837332,89677.2153207,90349.3481669,9.05838118916e-05,3.57100672089e-05,1200000.0,0.03302847184823606
2.88484752223e-06,0.09865150715878468,0.049745479889,0.0301135953568,0.732367635644,5.95617032128e-07,-9.97591761778,90064.5156918,89700.1172045,90324.4037456,9.18590316593e-05,3.09099941593e-05,1200000.0,0.03313606790921463
2.8910031025e-06,0.09865152871198402,0.049745435006,0.0301135484329,0.732366202021,5.96888526267e-07,-9.15733015017,90060.2968139,89721.2137347,90301.4279255,9.30462772495e-05,2.83735663048e-05,1200000.0,0.03324366399001801
2.89720309635e-06,0.09865154871661759,0.0497453932933,0.0301135048323,0.732364868589,5.98168403941e-07,-9.46757619766,90055.539164,89741.0104614,90279.930645,9.4152180374e-05,2.93347857617e-05,1200000.0,0.03335126008613134
2.90353813563e-06,0.09865156720409013,0.0497453545332,0.0301134643248,0.732363627341,5.99476659467e-07,-9.04595742224,90051.6059977,89759.1982041,90260.1159923,9.51818090573e-05,2.80283644943e-05,1200000.0,0.03345885619952996
2.90887071561e-06,0.09865158427104095,0.0497453184879,0.030113426671,0.7323624697,6.00579196812e-07,-6.82079157374,90047.521673,89776.1589028,90241.8293492,9.61403504541e-05,2.11337786284e-05,1200000.0,0.03356645233491977
2.9129874768e-06,0.09865160000181404,0.0497452849668,0.0301133916738,0.732361389341,6.01429792829e-07,-5.87247786271,90043.8847519,89791.7938583,90224.9722313,9.70322642688e-05,1.81954589454e-05,1200000.0,0.03367404848777237
2.91694582154e-06,0.09865161467468803,0.0497452537971,0.0301133591236,0.732360386104,6.02246980311e-07,-6.0706909607,90041.1620509,89806.3693655,90209.187608,9.78635774976e-05,1.88095777738e-05,1200000.0,0.0337816446539198
2.92123241039e-06,0.09865162825587168,0.0497452247928,0.0301133288634,0.732359449387,6.03131954617e-07,-6.11880637834,90037.3941119,89819.8479123,90194.4035371,9.86367983308e-05,1.89586305564e-05,1200000.0,0.03388924083596631
2.9249580186e-06,0.09865164059014223,0.0497451977981,0.0301133007153,0.732358571167,6.03902155929e-07,-4.68509192382,90034.287134,89832.3590993,90180.9165986,9.93561300346e-05,1.45163605679e-05,1200000.0,0.0339968370358092
2.92787004814e-06,0.09865165201327626,0.0497451726821,0.0301132745275,0.732357753045,6.0450392498e-07,-3.91387024433,90032.0612836,89843.8844061,90168.397454,0.00010002610119,1.21267795587e-05,1200000.0,0.03410443325108342
2.93029269265e-06,0.09865166277758464,0.0497451492915,0.0301132501579,0.732356992087,6.05004631658e-07,-3.17129650267,90030.1668282,89854.5604776,90156.4989218,0.000100650083733,9.82596853098e-06,1200000.0,0.034212029481543095
2.93214910492e-06,0.09865167257156551,0.0497451275013,0.0301132274806,0.732356277407,6.05388442202e-07,-2.42164430171,90026.717018,89864.499797,90145.8875095,0.000101230285533,7.50323196258e-06,1200000.0,0.03431962572756057
2.93934868541e-06,0.09865060204859,0.0497449123083,0.0301134426736,0.732299687175,6.0686832166e-07,-12.0144201552,92277.5041551,92065.9334366,93384.5783838,8.28144612418e-05,3.72246045893e-05,1200000.0,0.034427222227149515
2.94231017352e-06,0.09864952608215531,0.049744697115,0.0301136578669,0.732242815953,6.07485322512e-07,-4.00077968216,92845.2441493,94180.0086918,96443.315452,6.45718848766e-05,1.23954434408e-05,1200000.0,0.03453481887061792
2.94603770032e-06,0.0986484501142492,0.0497444819214,0.0301138593283,0.732186830155,6.08256359653e-07,-1.7840113547,93847.5006639,96276.3715766,99145.2836957,4.74690525068e-05,5.52720208404e-06,1200000.0,0.03464241566123045
2.94511030819e-06,0.09864737414226496,0.049744266727,0.0301138547101,0.732144506416,6.08065885353e-07,-0.463799402651,96665.2904251,97374.2406213,100787.022176,3.94215628604e-05,1.43690901034e-06,1200000.0,0.03475001285965362
2.9487936286e-06,0.09864635644268016,0.049744051532,0.030113690408,0.732113888982,6.08820306218e-07,-9.20376921991,97144.9340428,97953.0883084,101303.528146,3.91004855889e-05,2.85140464238e-05,1200000.0,0.03485761035469285
2.95689717364e-06,0.09864541443041497,0.0497438363365,0.0301134793082,0.732087733951,6.10490653207e-07,-13.1833728355,97431.3937714,98303.7877089,101552.214237,4.25545873804e-05,4.08426929983e-05,1200000.0,0.03496520809615005
2.9639699346e-06,0.09864468541422293,0.0497436211895,0.0301132641123,0.732065602918,6.11954495777e-07,-8.01039382181,98482.832948,98617.0056502,101649.101677,4.72322884052e-05,2.48162591223e-05,1200000.0,0.03507280608018583
2.97013086457e-06,0.09864435480722551,0.049743419345,0.0301130489158,0.732051917541,6.13223391178e-07,-12.6008285399,99407.0333723,98769.8133667,101584.589898,5.23919121624e-05,3.90370010025e-05,1200000.0,0.03518040430057283
2.97922126369e-06,0.09864417094949213,0.0497432349627,0.0301128342386,0.732042702858,6.15099426461e-07,-13.7620812615,99476.7934512,98834.5667663,101407.484902,5.80472480784e-05,4.26341191592e-05,1200000.0,0.035288002669256725
2.98885828042e-06,0.09864400413815326,0.0497430594668,0.0301126345765,0.73203377022,6.17088938803e-07,-14.0136275791,99587.5392714,98907.6096167,101261.497103,6.3169380784e-05,4.3413001811e-05,1200000.0,0.035395601147693
2.99856521048e-06,0.0986439073357384,0.049742896717,0.030112454717,0.732026148159,6.1909233346e-07,-15.164593148,99854.2103988,98988.5254304,101142.177119,6.75957199371e-05,4.69781890603e-05,1200000.0,0.035503199723103916
3.009291858e-06,0.0986438861805205,0.049742745908,0.0301122913659,0.732020068047,6.21307002269e-07,-15.1753540417,99986.6138855,99063.2392657,101040.631539,7.15061798584e-05,4.70111399347e-05,1200000.0,0.0356107983878799
3.01757421007e-06,0.09864388421966354,0.0497426064605,0.0301121418856,0.732014650193,6.23021033471e-07,-9.3689420129,99999.7219307,99134.9956981,100955.544468,7.50642337765e-05,2.90234634085e-05,1200000.0,0.03571839713203797
3.02401579619e-06,0.09864388973772976,0.0497424777699,0.0301120044742,0.732009743079,6.24349603578e-07,-11.4553884371,100039.867089,99201.5063908,100879.248815,7.83477613313e-05,3.54866925214e-05,1200000.0,0.035825995944482845
3.0330638832e-06,0.09864391276792554,0.049742358867,0.0301118781073,0.732005484611,6.26215594945e-07,-14.5151160718,100090.302606,99261.326046,100808.279916,8.13796113287e-05,4.49648815328e-05,1200000.0,0.03593359481092082
3.04176447152e-06,0.09864394641071261,0.049742248825,0.0301117617804,0.73200171846,6.28014918868e-07,-10.2161337648,100100.456301,99316.3570611,100744.994439,8.41823647791e-05,3.16473183309e-05,1200000.0,0.03604119373169176
3.04701560415e-06,0.09864398031449549,0.049742146999,0.0301116544257,0.731998262961,6.29101371312e-07,-6.96576430159,100098.224242,99367.5484853,100688.515749,8.67845700739e-05,2.15782764572e-05,1200000.0,0.03614879270136635
3.05244216055e-06,0.09864401488654967,0.0497420527665,0.0301115552381,0.731995110571,6.30220070607e-07,-9.43461537225,100103.781123,99414.6120775,100635.983826,8.92051378889e-05,2.92260397479e-05,1200000.0,0.036256391714035316
3.05843128978e-06,0.09864405119506099,0.0497419655478,0.0301114635943,0.731992257762,6.3145765435e-07,-7.92587233236,100105.866645,99457.7348851,100587.922195,9.14565144786e-05,2.45522209791e-05,1200000.0,0.036363990773849574
3.06273594602e-06,0.09864408662886183,0.049741884752,0.03011137883,0.731989637906,6.32348265699e-07,-5.25669386915,100099.779214,99497.4039093,100544.013276,9.35503348028e-05,1.62837526016e-05,1200000.0,0.03647158987675536
3.06633815436e-06,0.09864412004752615,0.0497418098343,0.0301113003287,0.731987212129,6.33091688069e-07,-5.71972035421,100095.138766,99533.9718319,100504.372982,9.54984185661e-05,1.77180071826e-05,1200000.0,0.036579189014505284
3.070108601e-06,0.09864415210150779,0.0497417403737,0.030111227568,0.731984980307,6.33870859265e-07,-4.69180728265,100091.176283,99568.0795532,100467.080842,9.73138444451e-05,1.45337820848e-05,1200000.0,0.03668678818027327
3.07233783908e-06,0.09864418252660041,0.0497416759692,0.0301111601717,0.731982918811,6.34332751917e-07,-2.33356059072,100085.567748,99599.235934,100432.962509,9.90020774382e-05,7.22863136592e-06,1200000.0,0.036794387371386184
3.07365708046e-06,0.09864421079078121,0.0497416161928,0.0301110976636,0.731981002887,6.34605319232e-07,-2.06986967388,100079.496328,99627.9114366,100401.845256,0.000100572946314,6.41178032565e-06,1200000.0,0.03690198658556958
3.07514931474e-06,0.09864423719881368,0.0497415607008,0.0301110396652,0.731979225288,6.34913410351e-07,-2.05574946219,100074.199255,99654.6759083,100372.695091,0.000102035132753,6.36802200292e-06,1200000.0,0.03700958582169629
3.07612573797e-06,0.09864426173277821,0.049741509198,0.0301109858427,0.731977575478,6.3511594658e-07,-0.717229922699,100068.338498,99679.3823386,100345.909155,0.000103396202258,2.22173164049e-06,1200000.0,0.03711718507774371
3.07617065361e-06,0.09864428442982545,0.0497414613616,0.0301109358973,0.731976038508,6.35126068131e-07,0.515355649625,100063.526895,99702.0784463,100321.075091,0.000104661452544,-1.59639052506e-06,1200000.0,0.03722478435369011
3.07527481704e-06,0.09864430545669824,0.0497414169048,0.0301108895192,0.731974606366,6.34942295656e-07,2.23499695996,100058.893527,99723.1723804,100298.358507,0.000105838184562,-6.92321839657e-06,1200000.0,0.03733238364845043
3.07345108244e-06,0.09864432494966888,0.0497413755914,0.0301108464045,0.731973275695,6.34566174387e-07,2.84465434274,100054.331462,99742.8158234,100277.323578,0.000106934904604,-8.81169911802e-06,1200000.0,0.03743998295951385
3.07150123233e-06,0.09864434289296813,0.0497413371855,0.0301108063386,0.731972034617,6.34163603626e-07,2.85138520885,100050.388409,99760.6543006,100257.795252,0.000107955464497,-8.83253073333e-06,1200000.0,0.03754758228906069
3.06911960911e-06,0.09864435949390153,0.0497413014652,0.0301107691114,0.731970876323,6.33673163664e-07,4.73325598255,100046.22693,99777.4176599,100239.487085,0.000108904356286,-1.46618385116e-05,1200000.0,0.0376551816395595
3.06531063961e-06,0.09864437476123712,0.0497412682377,0.0301107344859,0.731969795504,6.32887834263e-07,6.29718418604,100042.593268,99793.0048527,100222.835226,0.000109787947165,-1.95062637951e-05,1200000.0,0.03776278100614984
3.06086139897e-06,0.09864438875340985,0.0497412373132,0.0301107022833,0.731968784301,6.31969559124e-07,6.79321450002,100039.122553,99807.2169267,100207.216495,0.000110609954486,-2.10427418247e-05,1200000.0,0.037870380386074
3.05621378703e-06,0.0986444016945087,0.0497412085119,0.030110672324,0.731967838781,6.31010465673e-07,7.49907133036,100035.833889,99820.4623159,100192.883377,0.00011137474933,-2.32291767777e-05,1200000.0,0.0379779797817751
3.05070630122e-06,0.09864441346577006,0.0497411816948,0.0301106444441,0.731966952479,6.29874522428e-07,9.15860096683,100032.908972,99832.8030267,100179.4444,0.000112086401064,-2.8369707419e-05,1200000.0,0.038085579194675735
3.0446284481e-06,0.09864442429886384,0.049741156718,0.0301106184826,0.731966124354,6.28619740341e-07,9.32669284442,100030.361283,99844.1580408,100167.17781,0.000112749416169,-2.88903511917e-05,1200000.0,0.03819317862269936
3.03804226629e-06,0.09864443439765201,0.049741133443,0.030110594307,0.7319653516,6.27260817999e-07,10.6341060396,100028.177389,99854.8796391,100155.555166,0.000113367041808,-3.2940151679e-05,1200000.0,0.03830077806683484
